{
  "alpha": 0.7631733299299224,
  "r_squared": 0.9141312478348306,
  "bins": [
    1.0,
    2.0,
    3.0,
    4.0,
    5.383866481223922,
    8.024691358024691,
    10.991189427312776,
    14.789115646258503,
    20.674226804123712,
    27.032558139534885,
    35.183098591549296,
    49.516129032258064
  ],
  "probs": [
    0.028125955365331703,
    0.05121107266435986,
    0.08439897698209718,
    0.11728395061728394,
    0.1404728789986092,
    0.2804232804232804,
    0.2555066079295154,
    0.48299319727891155,
    0.24742268041237114,
    0.4232558139534884,
    0.5492957746478874,
    0.5161290322580645
  ]
}