{
  "alpha": 1.405037198723012,
  "r_squared": 0.9933974512800771,
  "intercept": -0.6094467110166031,
  "p_value": 7.044739551340622e-30,
  "nodes": [
    4.0,
    14.0,
    40.0,
    63.0,
    93.0,
    133.0,
    187.0,
    227.0,
    245.0,
    281.0,
    294.0,
    320.0,
    346.0,
    367.0,
    389.0,
    409.0,
    418.0,
    439.0,
    464.0,
    476.0,
    493.0,
    514.0,
    524.0,
    535.0,
    548.0,
    561.0,
    584.0,
    601.0
  ],
  "edges": [
    2.0,
    8.0,
    42.0,
    76.0,
    117.0,
    201.0,
    429.0,
    627.0,
    694.0,
    807.0,
    862.0,
    967.0,
    1057.0,
    1098.0,
    1172.0,
    1235.0,
    1245.0,
    1279.0,
    1329.0,
    1358.0,
    1392.0,
    1449.0,
    1477.0,
    1492.0,
    1528.0,
    1555.0,
    1659.0,
    1718.0
  ]
}