num_nodes,num_edges,density,num_components,giant_component_size,giant_component_fraction,avg_degree,std_degree,avg_clustering,modularity,num_communities,user_weight,ai_weight,ratio,threshold,ratio_label,file
1607,78582,0.0608964051266989,23,1559,0.970130678282514,97.79962663347852,119.78595170187974,0.6762289528866476,0.3577204499646905,7,2.0,1.0,2.0,0.8,user2.0-ai1.0,../dev/ablation_study/data/edges_filtered/edges_chatgpt-json-llm-user2.0-ai1.0_t0.8.json
1435,37365,0.0363156590322627,23,1388,0.967247386759582,52.07665505226481,68.97002109912764,0.6237326699400568,0.446325400925075,12,2.0,1.0,2.0,0.825,user2.0-ai1.0,../dev/ablation_study/data/edges_filtered/edges_chatgpt-json-llm-user2.0-ai1.0_t0.825.json
1210,15523,0.021222374888064,35,1132,0.9355371900826446,25.657851239669423,35.89404000359284,0.5819300962707282,0.5461840381596536,13,2.0,1.0,2.0,0.85,user2.0-ai1.0,../dev/ablation_study/data/edges_filtered/edges_chatgpt-json-llm-user2.0-ai1.0_t0.85.json
934,5675,0.013024688382896,47,833,0.8918629550321199,12.15203426124197,16.936536381397403,0.4943920511682976,0.6482597365301094,15,2.0,1.0,2.0,0.875,user2.0-ai1.0,../dev/ablation_study/data/edges_filtered/edges_chatgpt-json-llm-user2.0-ai1.0_t0.875.json
601,1718,0.0095285635052689,59,453,0.7537437603993344,5.717138103161398,7.578750558580249,0.4389756544534414,0.7499243122864158,15,2.0,1.0,2.0,0.9,user2.0-ai1.0,../dev/ablation_study/data/edges_filtered/edges_chatgpt-json-llm-user2.0-ai1.0_t0.9.json
284,375,0.0093316080226944,67,59,0.2077464788732394,2.640845070422535,2.9187146247113414,0.3754244564563607,0.5130084586872106,5,2.0,1.0,2.0,0.925,user2.0-ai1.0,../dev/ablation_study/data/edges_filtered/edges_chatgpt-json-llm-user2.0-ai1.0_t0.925.json
66,45,0.0209790209790209,27,5,0.0757575757575757,1.3636363636363635,0.6659776053283609,0.0,0.2176958121971489,2,2.0,1.0,2.0,0.95,user2.0-ai1.0,../dev/ablation_study/data/edges_filtered/edges_chatgpt-json-llm-user2.0-ai1.0_t0.95.json
