num_nodes,num_edges,density,num_components,giant_component_size,giant_component_fraction,avg_degree,std_degree,avg_clustering,modularity,num_communities,user_weight,ai_weight,ratio,threshold,ratio_label,file
443,1265,0.0129209523712245,38,364,0.8216704288939052,5.711060948081264,6.854340010404112,0.4204082506490673,0.7316120369949692,12,100.0,1.0,100.0,0.9,user100.0-ai1.0,../dev/ablation_study/data/edges_filtered/edges_chatgpt-json-llm-user100.0-ai1.0_t0.9.json
544,1578,0.0106841078973025,51,431,0.7922794117647058,5.801470588235294,7.513781311834682,0.4471097996930044,0.7451740068981024,12,4.0,1.0,4.0,0.9,user4.0-ai1.0,../dev/ablation_study/data/edges_filtered/edges_chatgpt-json-llm-user4.0-ai1.0_t0.9.json
601,1718,0.0095285635052689,59,453,0.7537437603993344,5.717138103161398,7.578750558580249,0.4389756544534414,0.7499243122864158,15,2.0,1.0,2.0,0.9,user2.0-ai1.0,../dev/ablation_study/data/edges_filtered/edges_chatgpt-json-llm-user2.0-ai1.0_t0.9.json
618,1727,0.0090583415944149,65,415,0.6715210355987055,5.588996763754046,7.425967425016118,0.4526376581939206,0.7304801334875939,10,1.618,1.0,1.618,0.9,user1.618-ai1.0,../dev/ablation_study/data/edges_filtered/edges_chatgpt-json-llm-user1.618-ai1.0_t0.9.json
632,1647,0.0082599450340026,74,366,0.5791139240506329,5.212025316455696,6.990906005960115,0.4470067963529606,0.7191465028147861,12,1.0,1.0,1.0,0.9,user1.0-ai1.0,../dev/ablation_study/data/edges_filtered/edges_chatgpt-json-llm-user1.0-ai1.0_t0.9.json
617,1482,0.0077985223852322,83,332,0.5380875202593193,4.80388978930308,6.376525865569099,0.4576210843325625,0.7206465575744817,13,1.0,1.618,0.6180469715698392,0.9,user1.0-ai1.618,../dev/ablation_study/data/edges_filtered/edges_chatgpt-json-llm-user1.0-ai1.618_t0.9.json
597,1367,0.0076838330354232,87,304,0.509212730318258,4.579564489112228,6.026945453720529,0.4347647198709787,0.7133242970720011,10,1.0,2.0,0.5,0.9,user1.0-ai2.0,../dev/ablation_study/data/edges_filtered/edges_chatgpt-json-llm-user1.0-ai2.0_t0.9.json
527,1047,0.0075540580515292,85,268,0.50853889943074,3.973434535104365,4.995942961917342,0.4290784507127461,0.7193123578385489,9,1.0,4.0,0.25,0.9,user1.0-ai4.0,../dev/ablation_study/data/edges_filtered/edges_chatgpt-json-llm-user1.0-ai4.0_t0.9.json
412,601,0.0070984810904022,85,187,0.4538834951456311,2.91747572815534,3.39016072547549,0.3596936950857091,0.7259736772308127,9,1.0,100.0,0.01,0.9,user1.0-ai100.0,../dev/ablation_study/data/edges_filtered/edges_chatgpt-json-llm-user1.0-ai100.0_t0.9.json
